<?xml version="1.0"?>
<doc>
    <assembly>
        <name>UAOOI.Configuration.Networking</name>
    </assembly>
    <members>
        <member name="T:UAOOI.Configuration.Networking.CommonDefinitions">
            <summary>
            Class CommonDefinitions - contains common definition.
            </summary>
        </member>
        <member name="F:UAOOI.Configuration.Networking.CommonDefinitions.Namespace">
            <summary>
            The namespace used for serialization of the configuration.
            </summary>
        </member>
        <member name="M:UAOOI.Configuration.Networking.CommonDefinitions.RaiseHandler``1(System.ComponentModel.PropertyChangedEventHandler,``0,``0,System.Action{``0},System.String,System.Object)">
            <summary>
            Extension method that sets a new value in a variable and then executes the event handler if the new value
            differs from the old one. Used to easily implement <see cref="T:System.ComponentModel.INotifyPropertyChanged" />.
            </summary>
            <typeparam name="T">The type of values being handled (usually the type of the property).</typeparam>
            <param name="handler">The event handler to execute in the event of actual value change.</param>
            <param name="newValue">The new value to set.</param>
            <param name="oldValue">The old value to replace (and the value holder).</param>
            <param name="update">The delegate used to update the property.</param>
            <param name="propertyName">The property's name.</param>
            <param name="sender">The object to be appointed as the executioner of the handler.</param>
            <returns>A boolean value that indicates if the new value was truly different from the old value according to <code>object.Equals()</code>.</returns>
        </member>
        <member name="T:UAOOI.Configuration.Networking.IConfigurationDataFactory">
            <summary>
            Interface IConfigurationDataFactory - creates an instance of <see cref="T:UAOOI.Configuration.Networking.Serialization.ConfigurationData"/>
            </summary>
        </member>
        <member name="M:UAOOI.Configuration.Networking.IConfigurationDataFactory.GetConfigurationData">
            <summary>
            Gets and instance of <see cref="T:UAOOI.Configuration.Networking.Serialization.ConfigurationData"/>.
            </summary>
            <returns>Returns an instance of <see cref="T:UAOOI.Configuration.Networking.Serialization.ConfigurationData"/>.</returns>
        </member>
        <member name="P:UAOOI.Configuration.Networking.IConfigurationDataFactory.OnChanged">
            <summary>
            Gets or sets the the delegate capturing functionality tha is executed when the configuration is changing.
            </summary>
            <value>The m_ on changed.</value>
        </member>
        <member name="M:UAOOI.Configuration.Networking.IConfigurationDataFactory.OnLoaded">
            <summary>
            Called when the configuration is loaded.
            </summary>
        </member>
        <member name="M:UAOOI.Configuration.Networking.IConfigurationDataFactory.OnSaving">
            <summary>
            Called before the saving the configuration.
            </summary>
        </member>
        <member name="T:UAOOI.Configuration.Networking.Properties.Resources">
            <summary>
              A strongly-typed resource class, for looking up localized strings, etc.
            </summary>
        </member>
        <member name="P:UAOOI.Configuration.Networking.Properties.Resources.ResourceManager">
            <summary>
              Returns the cached ResourceManager instance used by this class.
            </summary>
        </member>
        <member name="P:UAOOI.Configuration.Networking.Properties.Resources.Culture">
            <summary>
              Overrides the current thread's CurrentUICulture property for all
              resource lookups using this strongly typed resource class.
            </summary>
        </member>
        <member name="P:UAOOI.Configuration.Networking.Properties.Resources.InformationFileOpened">
            <summary>
              Looks up a localized string similar to File: {0} has benn opened..
            </summary>
        </member>
        <member name="P:UAOOI.Configuration.Networking.Properties.Resources.InformationFileSaved">
            <summary>
              Looks up a localized string similar to File: {0} is saved..
            </summary>
        </member>
        <member name="T:UAOOI.Configuration.Networking.Serialization.ConfigurationData">
            <summary>
            Class ConfigurationData - contains configuration data of the UANetworking application.
            </summary>
        </member>
        <member name="M:UAOOI.Configuration.Networking.Serialization.ConfigurationData.GetInstanceConfiguration(UAOOI.Configuration.Networking.Serialization.NodeDescriptor)">
            <summary>
            Gets the instance configuration - collection of data sets represented as the <see cref="T:UAOOI.Configuration.Networking.Serialization.DataSetConfiguration"/>.
            </summary>
            <param name="descriptor">The descriptor.</param>
            <returns>IEnumerable&lt;IInstanceConfiguration&gt;.</returns>
        </member>
        <member name="M:UAOOI.Configuration.Networking.Serialization.ConfigurationData.GetConfigurationData">
            <summary>
            Gets and instance of <see cref="T:UAOOI.Configuration.Networking.Serialization.ConfigurationData" />.
            </summary>
            <returns>Returns an instance of <see cref="T:UAOOI.Configuration.Networking.Serialization.ConfigurationData" />.</returns>
        </member>
        <member name="P:UAOOI.Configuration.Networking.Serialization.ConfigurationData.OnChanged">
            <summary>
            Gets or sets the the delegate capturing functionality tha is executed when the configuration is changing.
            </summary>
            <value>The m_ on changed.</value>
        </member>
        <member name="M:UAOOI.Configuration.Networking.Serialization.ConfigurationData.OnLoaded">
            <summary>
            Called when the configuration is loaded.
            </summary>
        </member>
        <member name="M:UAOOI.Configuration.Networking.Serialization.ConfigurationData.OnSaving">
            <summary>
            Called before the saving the configuration.
            </summary>
        </member>
        <member name="T:UAOOI.Configuration.Networking.Serialization.DataSetConfiguration">
            <summary>
            Class <see cref="T:UAOOI.Configuration.Networking.Serialization.DataSetConfiguration"/> represent a data set as a collection of members to be used as a description to populate (encode) messages sent over the wire 
            or analyze (decode) the message read from the wire to retrieve data items. For the senders it also provides criteria on when to forward the new message using the message 
            writers associated with this set of data. All communication parties must use the same <see cref="T:UAOOI.Configuration.Networking.Serialization.DataSetConfiguration"/> description to decode the message content.
            Current value can be loaded from the local configuration or obtained using meta-data exchange centric communication mechanism.
            For example it could be read from a file or discovered using OPC UA session from OPC UA server.
            </summary>
        </member>
        <member name="P:UAOOI.Configuration.Networking.Serialization.DataSetConfiguration.PublishingInterval">
            <summary>
            Gets or sets the publishing interval - The interval in milliseconds for sampling the Variables and publishing the Values in a DataSet by the related MessageWriter. 
            The Duration DataType is a subtype of Double and allows configuration of intervals smaller than a millisecond.
            </summary>
            <value>The publishing interval.</value>
        </member>
        <member name="P:UAOOI.Configuration.Networking.Serialization.DataSetConfiguration.MaxBufferTime">
            <summary>
            Gets or sets the maximum buffer time. The MaxBufferTime defines the maximum time the delivery of the DataSet may be delayed by the 
            MessageWriter, to allow for the collection of additional Messages. This parameter allows the Producer to reduce the number of network packets necessary to send the Messages.
            </summary>
            <value>The maximum buffer time.</value>
        </member>
        <member name="P:UAOOI.Configuration.Networking.Serialization.DataSetConfiguration.ConfigurationGuid">
            <summary>
            Gets or sets the configuration unique identifier. It provides a unique identifier for the current configuration of this object. 
            Any change of the ConfigurationVersion Property triggers a creation of a new value.
            </summary>
            <value>The configuration unique identifier.</value>
        </member>
        <member name="P:UAOOI.Configuration.Networking.Serialization.DataSetConfiguration.Id">
            <summary>
            Gets or sets the identifier <see cref="P:UAOOI.Configuration.Networking.Serialization.DataSetConfiguration.Guid"/> to/from the xml stream containing <see cref="T:System.String"/>.
            </summary>
            <value>The identifier.</value>
        </member>
        <member name="M:UAOOI.Configuration.Networking.Serialization.DataSetConfiguration.ToString">
            <summary>
            Returns a <see cref="T:System.String" /> that represents this instance.
            </summary>
            <returns>A <see cref="T:System.String" /> that represents this instance.</returns>
        </member>
        <member name="P:UAOOI.Configuration.Networking.Serialization.ConfigurationVersionDataType.MajorVersion">
            <summary>
            Gets or sets the major version. The major number reflects the primary format of the DataSet and must be equal in both Producer and Consumer.
            Removing fields from the DataSet, reordering fields, adding fields in between other fields or a DataType change in fields shall result in an update of the MajorVersion. 
            The initial value for the MajorVersion is 0. If the MajorVersion is incremented, the MinorVersion shall be set to 0.
            An overflow of the MajorVersion is treated like any other major version change and requires a meta data exchange.
            </summary>
            <value>The major version.</value>
        </member>
        <member name="P:UAOOI.Configuration.Networking.Serialization.ConfigurationVersionDataType.MinorVersion">
            <summary>
            Gets or sets the minor version. The minor number reflects backward compatible changes of the DataSet like adding a field at the end of the DataSet.
            The initial value for the MinorVersion is 0. The MajorVersion shall be incremented after an overflow of the MinorVersion.
            </summary>
            <value>The minor version.</value>
        </member>
        <member name="T:UAOOI.Configuration.Networking.Serialization.MessageHandlerConfiguration">
            <summary>
            Class MessageTransportConfiguration - provide configuration for transport used to transfer messages over the wire.
            </summary>
        </member>
        <member name="M:UAOOI.Configuration.Networking.Serialization.MessageHandlerConfiguration.Clone">
            <summary>
            Creates a new object that is a copy of the current instance.
            </summary>
            <returns>A new object that is a copy of this instance.</returns>
            <exception cref="T:System.NotImplementedException">It is intentionally not implemented.</exception>
        </member>
        <member name="M:UAOOI.Configuration.Networking.Serialization.MessageHandlerConfiguration.Associated(System.String)">
            <summary>
            Check if this instance of <see cref="T:UAOOI.Configuration.Networking.Serialization.MessageHandlerConfiguration"/> contains <paramref name="associationName"/> on the list of associated data sets..
            </summary>
            <param name="associationName">Name of the association.</param>
            <returns><c>true</c> if XXXX, <c>false</c> otherwise.</returns>
        </member>
        <member name="T:UAOOI.Configuration.Networking.Serialization.FieldMetaData">
            <summary>
            Class DataMemberConfiguration - provides all necessary information to create binding between a local process value (PLC register, element on the screen, etc) with a Variable node exposed by an 
            OPC UA Server. Adding both to the configuration make the same configuration reusable by the OPC UA Server, OPC UA Client and UA application. 
            </summary>
        </member>
        <member name="P:UAOOI.Configuration.Networking.Serialization.FieldMetaData.SymbolicName">
            <summary>
            Gets or sets the name of the field.
            </summary>
            <value>The name of the field.</value>
        </member>
        <member name="T:UAOOI.Configuration.Networking.Serialization.FieldEncodingEnum">
            <summary>
            Enum FieldEncodingEnum - 
            </summary>
        </member>
        <member name="F:UAOOI.Configuration.Networking.Serialization.FieldEncodingEnum.VariantFieldEncoding">
            <summary>
            The variant encoding - The DataSetFields are encoded as Variant. The Variant can contain a StatusCode instead of the expected DataType if the 
            status of the field is Bad. The Variant can contain a DataValue if the status of the field is Uncertain.
            </summary>
        </member>
        <member name="F:UAOOI.Configuration.Networking.Serialization.FieldEncodingEnum.CompressedFieldEncoding">
            <summary>
            The compressed field encoding - The DataSet fields are encoded using the data types defined in the configuration.
            </summary>
        </member>
        <member name="F:UAOOI.Configuration.Networking.Serialization.FieldEncodingEnum.DataValueFieldEncoding">
            <summary>
            The data value field encoding - The DataSet fields are encoded as DataValue. This option is set if the DataSet is configured to send more than the Value.
            </summary>
        </member>
        <member name="T:UAOOI.Configuration.Networking.Serialization.InstanceNodeClassesEnum">
            <summary>
            Enumeration of the node classes that can be a source of process data.
            </summary>
        </member>
        <member name="F:UAOOI.Configuration.Networking.Serialization.InstanceNodeClassesEnum.Object">
            <summary>
            Object NodeClasses
            </summary>
        </member>
        <member name="F:UAOOI.Configuration.Networking.Serialization.InstanceNodeClassesEnum.Variable">
            <summary>
            Variable NodeClasses
            </summary>
        </member>
        <member name="F:UAOOI.Configuration.Networking.Serialization.InstanceNodeClassesEnum.Method">
            <summary>
            Method NodeClasses
            </summary>
        </member>
        <member name="F:UAOOI.Configuration.Networking.Serialization.InstanceNodeClassesEnum.View">
            <summary>
            View NodeClasses
            </summary>
        </member>
        <member name="F:UAOOI.Configuration.Networking.Serialization.InstanceNodeClassesEnum.NotDefined">
            <summary>
            Not defined or nor relevant
            </summary>
        </member>
        <member name="M:UAOOI.Configuration.Networking.Serialization.NodeDescriptor.CreateWrapper">
            <summary>
            Creates the wrapper of this instance.
            </summary>
            <returns>An instance of <see cref="T:UAOOI.Configuration.Networking.Serialization.NodeDescriptor.NodeDescriptorWrapper"/>.</returns>
        </member>
        <member name="P:UAOOI.Configuration.Networking.Serialization.NodeDescriptor.BindingDescription">
            <summary>
            Gets or sets the binding description.
            </summary>
            <value>The binding description.</value>
        </member>
        <member name="P:UAOOI.Configuration.Networking.Serialization.NodeDescriptor.DataType">
            <summary>
            Gets or sets the type of the data.
            </summary>
            <value>The type of the data.</value>
        </member>
        <member name="P:UAOOI.Configuration.Networking.Serialization.NodeDescriptor.InstanceDeclaration">
            <summary>
            Gets or sets a value indicating whether [instance declaration].
            </summary>
            <value><c>true</c> if [instance declaration]; otherwise, <c>false</c>.</value>
        </member>
        <member name="P:UAOOI.Configuration.Networking.Serialization.NodeDescriptor.NodeClass">
            <summary>
            Gets or sets the node class.
            </summary>
            <value>The node class.</value>
        </member>
        <member name="P:UAOOI.Configuration.Networking.Serialization.NodeDescriptor.NodeIdentifier">
            <summary>
            Gets or sets the node identifier.
            </summary>
            <value>The node identifier.</value>
        </member>
        <member name="T:UAOOI.Configuration.Networking.Serialization.NodeDescriptor.NodeDescriptorWrapper">
            <summary>
            Class NodeDescriptorWrapper - read only wrapper of the node descriptor
            </summary>
        </member>
        <member name="P:UAOOI.Configuration.Networking.Serialization.NodeDescriptor.NodeDescriptorWrapper.BindingDescription">
            <summary>
            Gets or sets the binding description.
            </summary>
            <value>The binding description.</value>
        </member>
        <member name="P:UAOOI.Configuration.Networking.Serialization.NodeDescriptor.NodeDescriptorWrapper.DataType">
            <summary>
            Gets or sets the type of the data.
            </summary>
            <value>The type of the data.</value>
        </member>
        <member name="M:UAOOI.Configuration.Networking.Serialization.NodeDescriptor.NodeDescriptorWrapper.ToString">
            <summary>
            Returns a <see cref="T:System.String" /> that represents this instance.
            </summary>
            <returns>A <see cref="T:System.String" /> that represents this instance.</returns>
        </member>
        <member name="M:UAOOI.Configuration.Networking.Serialization.NodeDescriptor.NodeDescriptorWrapper.CompareTo(System.Object)">
            <summary>
            Compares the current instance with another object of the same type and returns an integer that indicates whether the current instance precedes, follows, or occurs in the same position in the sort order as the other object.
            </summary>
            <param name="obj">An object to compare with this instance.</param>
            <returns>A value that indicates the relative order of the objects being compared. The return value has these meanings: Value Meaning Less than zero This instance precedes <paramref name="obj" /> in the sort order. Zero This instance occurs in the same position in the sort order as <paramref name="obj" />. Greater than zero This instance follows <paramref name="obj" /> in the sort order.</returns>
            <exception cref="T:System.NotImplementedException"></exception>
        </member>
        <member name="T:UAOOI.Configuration.Networking.Serialization.BuiltInType">
            <summary>
            The set of built-in data types for UA type descriptions - see Part 6 5.1.2.
            </summary>
            <remarks>
            An enumeration that lists all of the built-in data types for OPC UA Type Descriptions.
            </remarks>
        </member>
        <member name="F:UAOOI.Configuration.Networking.Serialization.BuiltInType.Null">
            <summary>
            An invalid or unspecified value.
            </summary>
        </member>
        <member name="F:UAOOI.Configuration.Networking.Serialization.BuiltInType.Boolean">
            <summary>
            A boolean logic value (true or false) - A two-state logical value (true or false).
            </summary>
        </member>
        <member name="F:UAOOI.Configuration.Networking.Serialization.BuiltInType.SByte">
            <summary>
            An 8 bit signed integer value. An integer value between −128 and 127.
            </summary>
        </member>
        <member name="F:UAOOI.Configuration.Networking.Serialization.BuiltInType.Byte">
            <summary>
            An 8 bit unsigned integer value. An integer value between 0 and 255.
            </summary>
        </member>
        <member name="F:UAOOI.Configuration.Networking.Serialization.BuiltInType.Int16">
            <summary>
            A 16 bit signed integer value. An integer value between 0 and 65 535.
            </summary>
        </member>
        <member name="F:UAOOI.Configuration.Networking.Serialization.BuiltInType.UInt16">
            <summary>
            A 16 bit unsigned integer value. An integer value between 0 and 65 535.
            </summary>
        </member>
        <member name="F:UAOOI.Configuration.Networking.Serialization.BuiltInType.Int32">
            <summary>
            A 32 bit signed integer value. An integer value between −2 147 483 648 and 2 147 483 647.
            </summary>
        </member>
        <member name="F:UAOOI.Configuration.Networking.Serialization.BuiltInType.UInt32">
            <summary>
            A 32 bit unsigned integer value. An integer value between 0 and 4 294 967 295.
            </summary>
        </member>
        <member name="F:UAOOI.Configuration.Networking.Serialization.BuiltInType.Int64">
            <summary>
            A 64 bit signed integer value. An integer value between −9 223 372 036 854 775 808 and 9 223 372 036 854 775 807
            </summary>
        </member>
        <member name="F:UAOOI.Configuration.Networking.Serialization.BuiltInType.UInt64">
            <summary>
            A 64 bit unsigned integer value. An integer value between 0 and 18 446 744 073 709 551 615.
            </summary>
        </member>
        <member name="F:UAOOI.Configuration.Networking.Serialization.BuiltInType.Float">
            <summary>
            An IEEE single precision (32 bit) floating point value. An IEEE single precision (32 bit) floating point value.
            </summary>
        </member>
        <member name="F:UAOOI.Configuration.Networking.Serialization.BuiltInType.Double">
            <summary>
            An IEEE double precision (64 bit) floating point value. An IEEE double precision (64 bit) floating point value.
            </summary>
        </member>
        <member name="F:UAOOI.Configuration.Networking.Serialization.BuiltInType.String">
            <summary>
            A sequence of Unicode characters.
            </summary>
        </member>
        <member name="F:UAOOI.Configuration.Networking.Serialization.BuiltInType.DateTime">
            <summary>
            An instance in time.
            </summary>
        </member>
        <member name="F:UAOOI.Configuration.Networking.Serialization.BuiltInType.Guid">
            <summary>
            A 128-bit globally unique identifier.
            </summary>
        </member>
        <member name="F:UAOOI.Configuration.Networking.Serialization.BuiltInType.ByteString">
            <summary>
            A sequence of bytes.
            </summary>
        </member>
        <member name="F:UAOOI.Configuration.Networking.Serialization.BuiltInType.XmlElement">
            <summary>
            An XML element.
            </summary>
        </member>
        <member name="F:UAOOI.Configuration.Networking.Serialization.BuiltInType.NodeId">
            <summary>
            An identifier for a node in the address space of an OPC UA Server.
            </summary>
        </member>
        <member name="F:UAOOI.Configuration.Networking.Serialization.BuiltInType.ExpandedNodeId">
            <summary>
            A node id that stores the namespace URI instead of the namespace index.
            </summary>
        </member>
        <member name="F:UAOOI.Configuration.Networking.Serialization.BuiltInType.StatusCode">
            <summary>
            A structured result code.
            </summary>
        </member>
        <member name="F:UAOOI.Configuration.Networking.Serialization.BuiltInType.QualifiedName">
            <summary>
            A string qualified with a namespace.
            </summary>
        </member>
        <member name="F:UAOOI.Configuration.Networking.Serialization.BuiltInType.LocalizedText">
            <summary>
            A localized text string with an locale identifier.
            </summary>
        </member>
        <member name="F:UAOOI.Configuration.Networking.Serialization.BuiltInType.ExtensionObject">
            <summary>
            A structure that contains an application specific data type that may not be recognized by the receiver.
            </summary>
        </member>
        <member name="F:UAOOI.Configuration.Networking.Serialization.BuiltInType.DataValue">
            <summary>
            A data value with an associated quality and time stamp.
            </summary>
        </member>
        <member name="F:UAOOI.Configuration.Networking.Serialization.BuiltInType.Variant">
            <summary>
            Any of the other built-in types - a union of all of the types specified above.
            </summary>
        </member>
        <member name="F:UAOOI.Configuration.Networking.Serialization.BuiltInType.DiagnosticInfo">
            <summary>
            A diagnostic information associated with a result code.
            </summary>
        </member>
        <member name="F:UAOOI.Configuration.Networking.Serialization.BuiltInType.Enumeration">
            <summary>
            The enumeration
            </summary>
        </member>
        <member name="T:UAOOI.Configuration.Networking.Serialization.LocalizedText">
            <remarks/>
        </member>
        <member name="P:UAOOI.Configuration.Networking.Serialization.LocalizedText.Locale">
            <remarks/>
        </member>
        <member name="P:UAOOI.Configuration.Networking.Serialization.LocalizedText.Value">
            <remarks/>
        </member>
        <member name="T:UAOOI.Configuration.Networking.Serialization.FieldType">
            <remarks/>
        </member>
        <member name="P:UAOOI.Configuration.Networking.Serialization.FieldType.Name">
            <remarks/>
        </member>
        <member name="P:UAOOI.Configuration.Networking.Serialization.FieldType.TypeName">
            <remarks/>
        </member>
        <member name="P:UAOOI.Configuration.Networking.Serialization.FieldType.SwitchField">
            <remarks/>
        </member>
        <member name="P:UAOOI.Configuration.Networking.Serialization.FieldType.SwitchValue">
            <remarks/>
        </member>
        <member name="P:UAOOI.Configuration.Networking.Serialization.FieldType.SwitchValueSpecified">
            <remarks/>
        </member>
        <member name="P:UAOOI.Configuration.Networking.Serialization.FieldType.SwitchOperand">
            <remarks/>
        </member>
        <member name="P:UAOOI.Configuration.Networking.Serialization.FieldType.SwitchOperandSpecified">
            <remarks/>
        </member>
        <member name="T:UAOOI.Configuration.Networking.Serialization.SwitchOperand">
            <remarks/>
        </member>
        <member name="F:UAOOI.Configuration.Networking.Serialization.SwitchOperand.Equals">
            <remarks/>
        </member>
        <member name="F:UAOOI.Configuration.Networking.Serialization.SwitchOperand.GreaterThan">
            <remarks/>
        </member>
        <member name="F:UAOOI.Configuration.Networking.Serialization.SwitchOperand.LessThan">
            <remarks/>
        </member>
        <member name="F:UAOOI.Configuration.Networking.Serialization.SwitchOperand.GreaterThanOrEqual">
            <remarks/>
        </member>
        <member name="F:UAOOI.Configuration.Networking.Serialization.SwitchOperand.LessThanOrEqual">
            <remarks/>
        </member>
        <member name="F:UAOOI.Configuration.Networking.Serialization.SwitchOperand.NotEqual">
            <remarks/>
        </member>
        <member name="T:UAOOI.Configuration.Networking.Serialization.EnumeratedValue">
            <remarks/>
        </member>
        <member name="P:UAOOI.Configuration.Networking.Serialization.EnumeratedValue.Documentation">
            <remarks/>
        </member>
        <member name="P:UAOOI.Configuration.Networking.Serialization.EnumeratedValue.Name">
            <remarks/>
        </member>
        <member name="P:UAOOI.Configuration.Networking.Serialization.EnumeratedValue.Value">
            <summary>
            Gets or sets the value associated with the field.
            </summary>
            <value>The value associated with the field.</value>
        </member>
        <member name="T:UAOOI.Configuration.Networking.Serialization.TypeDescription">
            <remarks/>
        </member>
        <member name="P:UAOOI.Configuration.Networking.Serialization.TypeDescription.Name">
            <remarks/>
        </member>
        <member name="T:UAOOI.Configuration.Networking.Serialization.StructuredType">
            <remarks/>
        </member>
        <member name="P:UAOOI.Configuration.Networking.Serialization.StructuredType.Field">
            <remarks/>
        </member>
        <member name="P:UAOOI.Configuration.Networking.Serialization.StructuredType.StructureKind">
            <exclude />
        </member>
        <member name="T:UAOOI.Configuration.Networking.Serialization.StructureKindEnum">
            <summary>
            Enum StructureKindEnum - An enumeration that specifies the structure kind.
            </summary>
        </member>
        <member name="F:UAOOI.Configuration.Networking.Serialization.StructureKindEnum.Structure">
            <summary>
            A regular structure without optional fields.
            </summary>
        </member>
        <member name="F:UAOOI.Configuration.Networking.Serialization.StructureKindEnum.StructureWithOptionalFields">
            <summary>
            The structure with optional fields.
            </summary>
        </member>
        <member name="F:UAOOI.Configuration.Networking.Serialization.StructureKindEnum.Union">
            <summary>
            The union - one of the fields defined is encoded into a value.
            </summary>
        </member>
        <member name="T:UAOOI.Configuration.Networking.Serialization.EnumeratedType">
            <remarks/>
        </member>
        <member name="P:UAOOI.Configuration.Networking.Serialization.EnumeratedType.EnumeratedValues">
            <remarks/>
        </member>
        <member name="T:UAOOI.Configuration.Networking.Serialization.TypeDictionary">
            <remarks/>
        </member>
        <member name="P:UAOOI.Configuration.Networking.Serialization.TypeDictionary.Items">
            <remarks/>
        </member>
        <member name="P:UAOOI.Configuration.Networking.Serialization.TypeDictionary.TargetNamespace">
            <remarks/>
        </member>
        <member name="T:UAOOI.Configuration.Networking.Serialization.UATypeInfo">
            <summary>
            Class UATypeInfo - stores information about an OPC UA Type.
            </summary>
        </member>
        <member name="M:UAOOI.Configuration.Networking.Serialization.UATypeInfo.#ctor">
            <summary>
            Initializes a new instance of the <see cref="T:UAOOI.Configuration.Networking.Serialization.UATypeInfo"/> class representing an unknown type.
            </summary>
        </member>
        <member name="M:UAOOI.Configuration.Networking.Serialization.UATypeInfo.#ctor(UAOOI.Configuration.Networking.Serialization.BuiltInType)">
            <summary>
            Initializes a new instance of the <see cref="T:UAOOI.Configuration.Networking.Serialization.UATypeInfo"/> class representing <see cref="P:UAOOI.Configuration.Networking.Serialization.UATypeInfo.BuiltInType"/> and value rank.
            </summary>
            <param name="builtInType">Type of the an OPC UA entity.</param>
        </member>
        <member name="M:UAOOI.Configuration.Networking.Serialization.UATypeInfo.#ctor(UAOOI.Configuration.Networking.Serialization.BuiltInType,System.Int32)">
            <summary>
            Initializes a new instance of the <see cref="T:UAOOI.Configuration.Networking.Serialization.UATypeInfo"/> class representing <see cref="P:UAOOI.Configuration.Networking.Serialization.UATypeInfo.BuiltInType"/> and value rank.
            </summary>
            <param name="builtInType">Type of the an OPC UA entity.</param>
            <param name="valueRank">The value rank.</param>
        </member>
        <member name="M:UAOOI.Configuration.Networking.Serialization.UATypeInfo.#ctor(UAOOI.Configuration.Networking.Serialization.BuiltInType,System.Int32,System.Int32[])">
            <summary>
            Initializes a new instance of the <see cref="T:UAOOI.Configuration.Networking.Serialization.UATypeInfo"/> class.
            </summary>
            <param name="builtInType">Type of the built in.</param>
            <param name="valueRank">The value rank.</param>
            <param name="arrayDimensions">The array dimensions.</param>
            <exception cref="T:System.ArgumentOutOfRangeException">$for {nameof(valueRank)} == {valueRank} {nameof(ArrayDimensions)} must be provided.</exception>
        </member>
        <member name="P:UAOOI.Configuration.Networking.Serialization.UATypeInfo.BuiltInType">
            <summary>
            The built-in type.
            </summary>
            <value>The type of any value represented by this instance.</value>
        </member>
        <member name="P:UAOOI.Configuration.Networking.Serialization.UATypeInfo.ValueRank">
            <summary>
            Gets or sets the array range. Indicates whether the dataType is an array and how many dimensions the array has.
            It may have the following values:
            n > 1: the dataType is an array with the specified number of dimensions.
            OneDimension(1): The dataType is an array with one dimension.
            OneOrMoreDimensions (0): The dataType is an array with one or more dimensions.
            Scalar (−1): The dataType is not an array.
            Any (−2): The dataType can be a scalar or an array with any number of dimensions.
            ScalarOrOneDimension(−3): The dataType can be a scalar or a one dimensional array.
            </summary>
            <remarks>
            <note>
            NOTE All DataTypes are considered to be scalar, even if they have array-like semantics like ByteString and String.
            </note>
            </remarks>
            <value>The array dimensions.</value>
        </member>
        <member name="P:UAOOI.Configuration.Networking.Serialization.UATypeInfo.ArrayDimensions">
            <summary>
            Gets or sets the array dimensions - Specifies the length of each dimension for an array dataType. 
            It is intended to describe the capability of the dataType, not the current size.
            The number of elements shall be equal to the value of the valueRank.Shall be null if valueRank ≤ 0.
            A value of 0 for an individual dimension indicates that the dimension has a variable length.
            </summary>
            <value>The array dimensions.</value>
        </member>
        <member name="P:UAOOI.Configuration.Networking.Serialization.UATypeInfo.TypeName">
            <summary>
            Gets or sets the name of the type.
            </summary>
            <value>The instance of <see cref="T:System.Xml.XmlQualifiedName"/> representing globally unique name of the type.</value>
        </member>
        <member name="T:UAOOI.Configuration.Networking.Serialization.ValueRanks">
            <summary>
            Class ValueRanks provides definition of constants defined for the ValueRank attribute.
            </summary>
        </member>
        <member name="F:UAOOI.Configuration.Networking.Serialization.ValueRanks.ScalarOrOneDimension">
            <summary>
            The variable may be a scalar or a one dimensional array.
            </summary>
        </member>
        <member name="F:UAOOI.Configuration.Networking.Serialization.ValueRanks.Any">
            <summary>
            The variable may be a scalar or an array of any dimension.
            </summary>
        </member>
        <member name="F:UAOOI.Configuration.Networking.Serialization.ValueRanks.Scalar">
            <summary>
            The variable is always a scalar.
            </summary>
        </member>
        <member name="F:UAOOI.Configuration.Networking.Serialization.ValueRanks.OneOrMoreDimensions">
            <summary>
            The variable is always an array with one or more dimensions.
            </summary>
        </member>
        <member name="F:UAOOI.Configuration.Networking.Serialization.ValueRanks.OneDimension">
            <summary>
            The variable is always one dimensional array.
            </summary>
        </member>
        <member name="F:UAOOI.Configuration.Networking.Serialization.ValueRanks.TwoDimensions">
            <summary>
            The variable is always an array with two or more dimensions.
            </summary>
        </member>
        <member name="M:UAOOI.Configuration.Networking.Serialization.ValueRanks.IsValid(System.Int32,System.Int32)">
            <summary>
            Checks if the actual value rank is compatible with the expected value rank.
            </summary>
            <param name="actualValueRank">The actual value rank.</param>
            <param name="expectedValueRank">The expected value rank.</param>
            <returns><c>true</c> if the specified actual value rank is valid; otherwise, <c>false</c>.</returns>
        </member>
        <member name="M:UAOOI.Configuration.Networking.Serialization.ValueRanks.IsValid(System.Collections.Generic.IList{System.UInt32},System.Int32,System.Collections.Generic.IList{System.UInt32})">
            <summary>
            Checks if the actual array dimensions is compatible with the expected value rank and array dimensions.
            </summary>
            <param name="actualArrayDimensions">The actual array dimensions.</param>
            <param name="valueRank">The value rank.</param>
            <param name="expectedArrayDimensions">The expected array dimensions.</param>
            <returns><c>true</c> if the specified actual array dimensions is valid; otherwise, <c>false</c>.</returns>
        </member>
        <member name="T:UAOOI.Configuration.Networking.ConfigurationFactoryBase">
            <summary>
            Class ConfigurationFactory - provides basic implementation of the <see cref="T:UAOOI.Configuration.Networking.IConfigurationFactory"/>.
            </summary>
            <remarks>In production release it shall be replaced by reading a configuration file.</remarks>
        </member>
        <member name="M:UAOOI.Configuration.Networking.ConfigurationFactoryBase.GetConfiguration">
            <summary>
            Gets the configuration.
            </summary>
            <returns>Am object of <see cref="T:UAOOI.Configuration.Networking.Serialization.ConfigurationData" /> type capturing the communication configuration.</returns>
        </member>
        <member name="E:UAOOI.Configuration.Networking.ConfigurationFactoryBase.OnAssociationConfigurationChange">
            <summary>
            Occurs after the association configuration has been changed.
            </summary>
        </member>
        <member name="E:UAOOI.Configuration.Networking.ConfigurationFactoryBase.OnMessageHandlerConfigurationChange">
            <summary>
            Occurs after the communication configuration has been changed.
            </summary>
        </member>
        <member name="P:UAOOI.Configuration.Networking.ConfigurationFactoryBase.Loader">
            <summary>
            Gets or sets the loader of the configuration.
            </summary>
            <remarks>Allows late binding - injection point of the configuration loader.</remarks>
            <value>The loader that is to be used to create or load new instance of <see cref="T:UAOOI.Configuration.Networking.Serialization.ConfigurationData"/>.</value>
        </member>
        <member name="T:UAOOI.Configuration.Networking.IConfigurationFactory">
            <summary>
            Interface IConfigurationFactory provides functionality to provide the configuration. 
            </summary>
        </member>
        <member name="M:UAOOI.Configuration.Networking.IConfigurationFactory.GetConfiguration">
            <summary>
            Gets the configuration.
            </summary>
            <returns>Am object of <see cref="T:UAOOI.Configuration.Networking.Serialization.ConfigurationData"/> type capturing the communication configuration.</returns>
        </member>
        <member name="E:UAOOI.Configuration.Networking.IConfigurationFactory.OnAssociationConfigurationChange">
            <summary>
            Occurs after the association configuration has been changed.
            </summary>
        </member>
        <member name="E:UAOOI.Configuration.Networking.IConfigurationFactory.OnMessageHandlerConfigurationChange">
            <summary>
            Occurs after the communication configuration has been changed.
            </summary>
        </member>
        <member name="T:UAOOI.Configuration.Networking.ConfigurationDataFactoryIO">
            <summary>
            Class ConfigurationDataFactoryIO - Input/Output helper operation to retrieve/save configuration data.
            </summary>
        </member>
        <member name="M:UAOOI.Configuration.Networking.ConfigurationDataFactoryIO.Load``1(System.Func{``0},System.Action)">
            <summary>
            Loads the <typeparamref name="ConfigurationDataType" /> instance using specified loader.
            </summary>
            <typeparam name="ConfigurationDataType">The type of the configuration data type.</typeparam>
            <param name="loader">The delegate <see cref="T:System.Func`1" /> capturing the loader functionality
            of the class derived from <see cref="T:UAOOI.Configuration.Networking.Serialization.ConfigurationData" />.</param>
            <param name="onChanged">A delegate <see cref="T:System.Action" /> encapsulating operation called when this instance is changed.</param>
            <returns>An instance of <typeparamref name="ConfigurationDataType"/> derived from <see cref="T:UAOOI.Configuration.Networking.Serialization.ConfigurationData" />.</returns>
        </member>
        <member name="M:UAOOI.Configuration.Networking.ConfigurationDataFactoryIO.Load``1(UAOOI.Configuration.Networking.Serializers.SerializerType,System.IO.FileInfo,System.Action{System.Diagnostics.TraceEventType,System.Int32,System.String},System.Action)">
            <summary>
            Loads the <typeparamref name="ConfigurationDataType" /> instance using specified loader.
            </summary>
            <typeparam name="ConfigurationDataType">The type of the configuration data type.</typeparam>
            <param name="serializer">The serializer.</param>
            <param name="configurationFile">The configuration file.</param>
            <param name="trace">The trace.</param>
            <param name="onChanged">The on changed.</param>
            <returns>ConfigurationDataType.</returns>
        </member>
        <member name="T:UAOOI.Configuration.Networking.Serializers.JSONDataContractSerializers">
            <summary>
            Class DataContractSerializers- helper function to serialize or deserialize an object of the specified type using <see cref="T:System.Runtime.Serialization.Json.DataContractJsonSerializer"/>.
            </summary>
        </member>
        <member name="M:UAOOI.Configuration.Networking.Serializers.JSONDataContractSerializers.Load``1(System.IO.FileInfo,System.Action{System.Diagnostics.TraceEventType,System.Int32,System.String})">
            <summary>
            Reads the XML stream from <paramref name="fileToRead"/> with an <see cref="T:System.Runtime.Serialization.Json.DataContractJsonSerializer"/> and returns the deserialized object
            </summary>
            <typeparam name="type">The type of the deserialized object.</typeparam>
            <param name="fileToRead">The <see cref="T:System.IO.FileInfo"/> used to open the XML stream.</param>
            <param name="trace">Used to write a trace event to the trace listeners using the <see cref="F:System.Diagnostics.TraceEventType.Verbose"/> event type, event identifier, and message.</param>
            <returns>The deserialized object.</returns>
            <exception cref="T:System.ArgumentOutOfRangeException"></exception>
        </member>
        <member name="M:UAOOI.Configuration.Networking.Serializers.JSONDataContractSerializers.Save``1(System.IO.FileInfo,``0,System.Action{System.Diagnostics.TraceEventType,System.Int32,System.String})">
            <summary>
            Serializes the <paramref name="graph"/> object of the specified type and saves it in the specified by the <paramref name="fileToWrite"/> file.
            </summary>
            <typeparam name="type">The type of the <paramref name="graph"/> to be serialized.</typeparam>
            <param name="fileToWrite">The file to write all the object data (starting XML element, content, and closing element) with an System.Xml.XmlWriter..</param>
            <param name="graph">The object that contains the data to write to the stream.</param>
            <param name="trace">Used to write a trace event to the trace listeners using the <see cref="F:System.Diagnostics.TraceEventType.Verbose"/> event type, event identifier, and message.</param>
            <exception cref="T:System.ArgumentNullException">
            </exception>
        </member>
        <member name="T:UAOOI.Configuration.Networking.Serializers.SerializerType">
            <summary>
            Enum SerializerType - enumerates available serializers
            </summary>
        </member>
        <member name="F:UAOOI.Configuration.Networking.Serializers.SerializerType.Json">
            <summary>
            The json serializer
            </summary>
        </member>
        <member name="F:UAOOI.Configuration.Networking.Serializers.SerializerType.Xml">
            <summary>
            The XML serializer
            </summary>
        </member>
        <member name="T:UAOOI.Configuration.Networking.Serializers.XmlDataContractSerializers">
            <summary>
            Class DataContractSerializers- helper function to serialize or deserialize an object of the specified type using <see cref="T:System.Runtime.Serialization.DataContractSerializer"/>.
            </summary>
        </member>
        <member name="M:UAOOI.Configuration.Networking.Serializers.XmlDataContractSerializers.Load``1(System.IO.FileInfo,System.Action{System.Diagnostics.TraceEventType,System.Int32,System.String})">
            <summary>
            Reads the XML stream from <paramref name="fileToRead"/> with an <see cref="T:System.Runtime.Serialization.DataContractSerializer"/> and returns the deserialized object
            </summary>
            <typeparam name="type">The type of the deserialized object.</typeparam>
            <param name="fileToRead">The <see cref="T:System.IO.FileInfo"/> used to open the XML stream.</param>
            <param name="trace">Used to write a trace event to the trace listeners using the <see cref="F:System.Diagnostics.TraceEventType.Verbose"/> event type, event identifier, and message.</param>
            <returns>The deserialized object.</returns>
            <exception cref="T:System.ArgumentOutOfRangeException"></exception>
        </member>
        <member name="M:UAOOI.Configuration.Networking.Serializers.XmlDataContractSerializers.Save``1(System.IO.FileInfo,``0,System.Action{System.Diagnostics.TraceEventType,System.Int32,System.String})">
            <summary>
            Serializes the <paramref name="graph"/> object of the specified type and saves it in the specified by the <paramref name="fileToWrite"/> file.
            </summary>
            <typeparam name="type">The type of the <paramref name="graph"/> to be serialized.</typeparam>
            <param name="fileToWrite">The file to write all the object data (starting XML element, content, and closing element) with an System.Xml.XmlWriter..</param>
            <param name="graph">The object that contains the data to write to the stream.</param>
            <param name="trace">Used to write a trace event to the trace listeners using the <see cref="F:System.Diagnostics.TraceEventType.Verbose"/> event type, event identifier, and message.</param>
            <exception cref="T:System.ArgumentNullException">
            </exception>
        </member>
        <member name="T:UAOOI.Configuration.Networking.UANetworkingConfiguration`1">
            <summary>
            Class UANetworkingConfiguration - Provides implementation of the <see cref="T:UAOOI.Configuration.Networking.IConfigurationDataFactory"/> for the UANetworking application.
            </summary>
            <typeparam name="ConfigurationDataType">The type of the configuration data type.</typeparam>
        </member>
        <member name="M:UAOOI.Configuration.Networking.UANetworkingConfiguration`1.#ctor">
            <summary>
            Initializes a new instance of the <see cref="T:UAOOI.Configuration.Networking.UANetworkingConfiguration`1"/> class.
            </summary>
        </member>
        <member name="M:UAOOI.Configuration.Networking.UANetworkingConfiguration`1.ReadConfiguration(System.IO.FileInfo)">
            <summary>
            Reads the configuration from the <see cref="T:System.IO.FileInfo"/>.
            </summary>
            <param name="configurationFile">The file <see cref="T:System.IO.FileInfo"/> containing the configuration data of the UANetworking application.</param>
        </member>
        <member name="M:UAOOI.Configuration.Networking.UANetworkingConfiguration`1.SaveConfiguration(System.IO.FileInfo)">
            <summary>
            Saves the configuration.
            </summary>
            <param name="configurationFile">The configuration file.</param>
            <exception cref="T:System.ArgumentNullException"></exception>
        </member>
        <member name="P:UAOOI.Configuration.Networking.UANetworkingConfiguration`1.CurrentConfiguration">
            <summary>
            Gets or sets the current configuration <typeparamref name="ConfigurationDataType"/>.
            </summary>
            <value>The current configuration as instance of <typeparamref name="ConfigurationDataType"/>.</value>
        </member>
        <member name="E:UAOOI.Configuration.Networking.UANetworkingConfiguration`1.OnModified">
            <summary>
            Occurs any time the configuration is modified.
            </summary>
        </member>
        <member name="P:UAOOI.Configuration.Networking.UANetworkingConfiguration`1.ConfigurationData">
            <summary>
            Gets the configuration data.
            </summary>
            <value>The configuration data.</value>
        </member>
        <member name="P:UAOOI.Configuration.Networking.UANetworkingConfiguration`1.TraceSource">
            <summary>
            Gets or sets the trace source - an access point to the external component.
            By default an empty private implementation (do nothing) of the <see cref="T:UAOOI.Common.Infrastructure.Diagnostic.ITraceSource"/> is provided.
            </summary>
            <value>The trace source - an implementation of the <see cref="T:UAOOI.Common.Infrastructure.Diagnostic.ITraceSource"/>.</value>
        </member>
        <member name="M:UAOOI.Configuration.Networking.UANetworkingConfiguration`1.TraceSourceDefault.TraceData(System.Diagnostics.TraceEventType,System.Int32,System.Object)">
            <summary>
            Writes trace data to the trace listeners in the <see cref="P:System.Diagnostics.TraceSource.Listeners" /> collection using the specified <paramref name="eventType" />,
            event identifier <paramref name="id" />, and trace <paramref name="data" />.
            </summary>
            <param name="eventType">One of the enumeration values that specifies the event type of the trace data.</param>
            <param name="id">A numeric identifier for the event.</param>
            <param name="data">The trace data.</param>
        </member>
        <member name="M:UAOOI.Configuration.Networking.UANetworkingConfiguration`1.RaiseOnChangeEvent">
            <summary>
            Raises the on change event.
            </summary>
        </member>
    </members>
</doc>
