﻿<ConfigurationData xmlns:i="http://www.w3.org/2001/XMLSchema-instance" xmlns="http://commsvr.com/UAOOI/SemanticData/UANetworking/Configuration/Serialization.xsd">
  <DataSets>
    <DataSetConfiguration>
      <AssociationRole>Producer</AssociationRole>
      <AssociationName>Simple</AssociationName>
      <RepositoryGroup>repositoryGroup</RepositoryGroup>
      <InformationModelURI>https://github.com/mpostol/OPC-UA-OOI</InformationModelURI>
      <DataSymbolicName>DataSymbolicName</DataSymbolicName>
      <DataSet>
        <DataMemberConfiguration>
          <SymbolicName>BoolToggle</SymbolicName>
          <ProcessValueName>BoolToggle</ProcessValueName>
          <TypeInformation>
            <BuiltInType>Boolean</BuiltInType>
            <ValueRank>-1</ValueRank>
          </TypeInformation>
        </DataMemberConfiguration>
        <DataMemberConfiguration>
          <SymbolicName>Int32Normal</SymbolicName>
          <ProcessValueName>Int32Normal</ProcessValueName>
          <TypeInformation>
            <BuiltInType>Int32</BuiltInType>
            <ValueRank>-1</ValueRank>
          </TypeInformation>
        </DataMemberConfiguration>
        <DataMemberConfiguration>
          <SymbolicName>Int32Fast</SymbolicName>
          <ProcessValueName>Int32Fast</ProcessValueName>
          <TypeInformation>
            <BuiltInType>Int32</BuiltInType>
            <ValueRank>-1</ValueRank>
          </TypeInformation>
        </DataMemberConfiguration>
        <DataMemberConfiguration>
          <SymbolicName>SimpleValueDateTime</SymbolicName>
          <ProcessValueName>SimpleValueDateTime</ProcessValueName>
          <TypeInformation>
            <BuiltInType>DateTime</BuiltInType>
            <ValueRank>-1</ValueRank>
          </TypeInformation>
        </DataMemberConfiguration>
      </DataSet>
      <Guid>c1f53ffb-6552-4ccc-84c9-f847147cdc85</Guid>
      <Root>
        <q:NodeIdentifier xmlns:d5p1="NodeDescriptorNS" xmlns:q="http://commsvr.com/UAOOI/SemanticData/UANetworking/Configuration/Serialization.xsd">d5p1:NodeDescriptor</q:NodeIdentifier>
      </Root>
      <PublishingInterval>1000</PublishingInterval>
      <MaxBufferTime>100</MaxBufferTime>
      <ConfigurationGuid>1893991b-517c-4a5f-b8a4-1633d2a101c8</ConfigurationGuid>
      <ConfigurationVersion>
        <MajorVersion>1</MajorVersion>
        <MinorVersion>0</MinorVersion>
      </ConfigurationVersion>
    </DataSetConfiguration>
    <DataSetConfiguration>
      <AssociationRole>Producer</AssociationRole>
      <AssociationName>AllTypes</AssociationName>
      <RepositoryGroup>repositoryGroup</RepositoryGroup>
      <InformationModelURI>https://github.com/mpostol/OPC-UA-OOI</InformationModelURI>
      <DataSymbolicName>DataSymbolicName</DataSymbolicName>
      <DataSet>
        <DataMemberConfiguration>
          <SymbolicName>ValueBoolean</SymbolicName>
          <ProcessValueName>ValueBoolean</ProcessValueName>
          <TypeInformation>
            <BuiltInType>Boolean</BuiltInType>
            <ValueRank>-1</ValueRank>
          </TypeInformation>
        </DataMemberConfiguration>
        <DataMemberConfiguration>
          <SymbolicName>ValueByte</SymbolicName>
          <ProcessValueName>ValueByte</ProcessValueName>
          <TypeInformation>
            <BuiltInType>Byte</BuiltInType>
            <ValueRank>-1</ValueRank>
          </TypeInformation>
        </DataMemberConfiguration>
        <DataMemberConfiguration>
          <SymbolicName>ValueInt16</SymbolicName>
          <ProcessValueName>ValueInt16</ProcessValueName>
          <TypeInformation>
            <BuiltInType>Int16</BuiltInType>
            <ValueRank>-1</ValueRank>
          </TypeInformation>
        </DataMemberConfiguration>
        <DataMemberConfiguration>
          <SymbolicName>ValueInt32</SymbolicName>
          <ProcessValueName>ValueInt32</ProcessValueName>
          <TypeInformation>
            <BuiltInType>Int32</BuiltInType>
            <ValueRank>-1</ValueRank>
          </TypeInformation>
        </DataMemberConfiguration>
        <DataMemberConfiguration>
          <SymbolicName>ValueInt64</SymbolicName>
          <ProcessValueName>ValueInt64</ProcessValueName>
          <TypeInformation>
            <BuiltInType>Int64</BuiltInType>
            <ValueRank>-1</ValueRank>
          </TypeInformation>
        </DataMemberConfiguration>
        <DataMemberConfiguration>
          <SymbolicName>ValueSByte</SymbolicName>
          <ProcessValueName>ValueSByte</ProcessValueName>
          <TypeInformation>
            <BuiltInType>SByte</BuiltInType>
            <ValueRank>-1</ValueRank>
          </TypeInformation>
        </DataMemberConfiguration>
        <DataMemberConfiguration>
          <SymbolicName>ValueUInt16</SymbolicName>
          <ProcessValueName>ValueUInt16</ProcessValueName>
          <TypeInformation>
            <BuiltInType>UInt16</BuiltInType>
            <ValueRank>-1</ValueRank>
          </TypeInformation>
        </DataMemberConfiguration>
        <DataMemberConfiguration>
          <SymbolicName>ValueUInt32</SymbolicName>
          <ProcessValueName>ValueUInt32</ProcessValueName>
          <TypeInformation>
            <BuiltInType>UInt32</BuiltInType>
            <ValueRank>-1</ValueRank>
          </TypeInformation>
        </DataMemberConfiguration>
        <DataMemberConfiguration>
          <SymbolicName>ValueUInt64</SymbolicName>
          <ProcessValueName>ValueUInt64</ProcessValueName>
          <TypeInformation>
            <BuiltInType>UInt64</BuiltInType>
            <ValueRank>-1</ValueRank>
          </TypeInformation>
        </DataMemberConfiguration>
        <DataMemberConfiguration>
          <SymbolicName>ValueFloat</SymbolicName>
          <ProcessValueName>ValueFloat</ProcessValueName>
          <TypeInformation>
            <BuiltInType>Float</BuiltInType>
            <ValueRank>-1</ValueRank>
          </TypeInformation>
        </DataMemberConfiguration>
        <DataMemberConfiguration>
          <SymbolicName>ValueDouble</SymbolicName>
          <ProcessValueName>ValueDouble</ProcessValueName>
          <TypeInformation>
            <BuiltInType>Double</BuiltInType>
            <ValueRank>-1</ValueRank>
          </TypeInformation>
        </DataMemberConfiguration>
        <DataMemberConfiguration>
          <SymbolicName>ValueString</SymbolicName>
          <ProcessValueName>ValueString</ProcessValueName>
          <TypeInformation>
            <BuiltInType>String</BuiltInType>
            <ValueRank>-1</ValueRank>
          </TypeInformation>
        </DataMemberConfiguration>
        <DataMemberConfiguration>
          <SymbolicName>ValueByteString</SymbolicName>
          <ProcessValueName>ValueByteString</ProcessValueName>
          <TypeInformation>
            <BuiltInType>ByteString</BuiltInType>
            <ValueRank>-1</ValueRank>
          </TypeInformation>
        </DataMemberConfiguration>
        <DataMemberConfiguration>
          <SymbolicName>ValueGuid</SymbolicName>
          <ProcessValueName>ValueGuid</ProcessValueName>
          <TypeInformation>
            <BuiltInType>Guid</BuiltInType>
            <ValueRank>-1</ValueRank>
          </TypeInformation>
        </DataMemberConfiguration>
        <DataMemberConfiguration>
          <SymbolicName>ValueDateTime</SymbolicName>
          <ProcessValueName>ValueDateTime</ProcessValueName>
          <TypeInformation>
            <BuiltInType>DateTime</BuiltInType>
            <ValueRank>-1</ValueRank>
          </TypeInformation>
        </DataMemberConfiguration>
        <DataMemberConfiguration>
          <SymbolicName>UInt32Array</SymbolicName>
          <ProcessValueName>UInt32Array</ProcessValueName>
          <TypeInformation>
            <BuiltInType>UInt32</BuiltInType>
            <ValueRank>1</ValueRank>
          </TypeInformation>
        </DataMemberConfiguration>

        <!--arrays all types out of scope -->
        <!-- uncomment aas needed - all have been self tested
        
        <DataMemberConfiguration>
          <SymbolicName>ArrayBoolean</SymbolicName>
          <ProcessValueName>ArrayBoolean</ProcessValueName>
          <TypeInformation>
            <BuiltInType>Boolean</BuiltInType>
            <ValueRank>1</ValueRank>
          </TypeInformation>
        </DataMemberConfiguration>
        <DataMemberConfiguration>
          <SymbolicName>ArrayByte</SymbolicName>
          <ProcessValueName>ArrayByte</ProcessValueName>
          <TypeInformation>
            <BuiltInType>Byte</BuiltInType>
            <ValueRank>1</ValueRank>
          </TypeInformation>
        </DataMemberConfiguration>
        <DataMemberConfiguration>
          <SymbolicName>ArrayInt16</SymbolicName>
          <ProcessValueName>ArrayInt16</ProcessValueName>
          <TypeInformation>
            <BuiltInType>Int16</BuiltInType>
            <ValueRank>1</ValueRank>
          </TypeInformation>
        </DataMemberConfiguration>
        <DataMemberConfiguration>
          <SymbolicName>ArrayInt32</SymbolicName>
          <ProcessValueName>ArrayInt32</ProcessValueName>
          <TypeInformation>
            <BuiltInType>Int32</BuiltInType>
            <ValueRank>1</ValueRank>
          </TypeInformation>
        </DataMemberConfiguration>
        <DataMemberConfiguration>
          <SymbolicName>ArrayInt64</SymbolicName>
          <ProcessValueName>ArrayInt64</ProcessValueName>
          <TypeInformation>
            <BuiltInType>Int64</BuiltInType>
            <ValueRank>1</ValueRank>
          </TypeInformation>
        </DataMemberConfiguration>
        <DataMemberConfiguration>
          <SymbolicName>ArraySByte</SymbolicName>
          <ProcessValueName>ArraySByte</ProcessValueName>
          <TypeInformation>
            <BuiltInType>SByte</BuiltInType>
            <ValueRank>1</ValueRank>
          </TypeInformation>
        </DataMemberConfiguration>
        <DataMemberConfiguration>
          <SymbolicName>ArrayUInt16</SymbolicName>
          <ProcessValueName>ArrayUInt16</ProcessValueName>
          <TypeInformation>
            <BuiltInType>UInt16</BuiltInType>
            <ValueRank>1</ValueRank>
          </TypeInformation>
        </DataMemberConfiguration>
        <DataMemberConfiguration>
          <SymbolicName>ArrayUInt32</SymbolicName>
          <ProcessValueName>ArrayUInt32</ProcessValueName>
          <TypeInformation>
            <BuiltInType>UInt32</BuiltInType>
            <ValueRank>1</ValueRank>
          </TypeInformation>
        </DataMemberConfiguration>
        <DataMemberConfiguration>
          <SymbolicName>ArrayUInt64</SymbolicName>
          <ProcessValueName>ArrayUInt64</ProcessValueName>
          <TypeInformation>
            <BuiltInType>UInt64</BuiltInType>
            <ValueRank>1</ValueRank>
          </TypeInformation>
        </DataMemberConfiguration>
        <DataMemberConfiguration>
          <SymbolicName>ArrayFloat</SymbolicName>
          <ProcessValueName>ArrayFloat</ProcessValueName>
          <TypeInformation>
            <BuiltInType>Float</BuiltInType>
            <ValueRank>1</ValueRank>
          </TypeInformation>
        </DataMemberConfiguration>
        <DataMemberConfiguration>
          <SymbolicName>ArrayDouble</SymbolicName>
          <ProcessValueName>ArrayDouble</ProcessValueName>
          <TypeInformation>
            <BuiltInType>Double</BuiltInType>
            <ValueRank>1</ValueRank>
          </TypeInformation>
        </DataMemberConfiguration>
        <DataMemberConfiguration>
          <SymbolicName>ArrayString</SymbolicName>
          <ProcessValueName>ArrayString</ProcessValueName>
          <TypeInformation>
            <BuiltInType>String</BuiltInType>
            <ValueRank>1</ValueRank>
          </TypeInformation>
        </DataMemberConfiguration>
        <DataMemberConfiguration>
          <SymbolicName>ArrayByteString</SymbolicName>
          <ProcessValueName>ArrayByteString</ProcessValueName>
          <TypeInformation>
            <BuiltInType>ByteString</BuiltInType>
            <ValueRank>1</ValueRank>
          </TypeInformation>
        </DataMemberConfiguration>
        <DataMemberConfiguration>
          <SymbolicName>ArrayGuid</SymbolicName>
          <ProcessValueName>ArrayGuid</ProcessValueName>
          <TypeInformation>
            <BuiltInType>Guid</BuiltInType>
            <ValueRank>1</ValueRank>
          </TypeInformation>
        </DataMemberConfiguration>
        <DataMemberConfiguration>
          <SymbolicName>ArrayDateTime</SymbolicName>
          <ProcessValueName>ArrayDateTime</ProcessValueName>
          <TypeInformation>
            <BuiltInType>DateTime</BuiltInType>
            <ValueRank>1</ValueRank>
          </TypeInformation>
        </DataMemberConfiguration>

        -->
        <!--out of scope-->

      </DataSet>
      <Guid>c1f53ffb-6552-4ccc-84c9-f847147cdc85</Guid>
      <Root>
        <q:NodeIdentifier xmlns:d5p1="NodeDescriptorNS" xmlns:q="http://commsvr.com/UAOOI/SemanticData/UANetworking/Configuration/Serialization.xsd">d5p1:NodeDescriptor</q:NodeIdentifier>
      </Root>
      <PublishingInterval>1000</PublishingInterval>
      <MaxBufferTime>100</MaxBufferTime>
      <ConfigurationGuid>D79E3F84-48AB-48A2-9055-DF589D19E824</ConfigurationGuid>
      <ConfigurationVersion>
        <MajorVersion>1</MajorVersion>
        <MinorVersion>0</MinorVersion>
      </ConfigurationVersion>
    </DataSetConfiguration>
    <DataSetConfiguration>
      <AssociationRole>Producer</AssociationRole>
      <AssociationName>MassTest</AssociationName>
      <RepositoryGroup>repositoryGroup</RepositoryGroup>
      <InformationModelURI>https://github.com/mpostol/OPC-UA-OOI</InformationModelURI>
      <DataSymbolicName>DataSymbolicName</DataSymbolicName>
      <DataSet>
        <DataMemberConfiguration>
          <SymbolicName>MassTest_00</SymbolicName>
          <ProcessValueName>MassTest_00</ProcessValueName>
          <TypeInformation>
            <BuiltInType>UInt32</BuiltInType>
            <ValueRank>-1</ValueRank>
          </TypeInformation>
        </DataMemberConfiguration>
        <DataMemberConfiguration>
          <SymbolicName>MassTest_01</SymbolicName>
          <ProcessValueName>MassTest_01</ProcessValueName>
          <TypeInformation>
            <BuiltInType>UInt32</BuiltInType>
            <ValueRank>-1</ValueRank>
          </TypeInformation>
        </DataMemberConfiguration>
        <DataMemberConfiguration>
          <SymbolicName>MassTest_02</SymbolicName>
          <ProcessValueName>MassTest_02</ProcessValueName>
          <TypeInformation>
            <BuiltInType>UInt32</BuiltInType>
            <ValueRank>-1</ValueRank>
          </TypeInformation>
        </DataMemberConfiguration>
        <DataMemberConfiguration>
          <SymbolicName>MassTest_03</SymbolicName>
          <ProcessValueName>MassTest_03</ProcessValueName>
          <TypeInformation>
            <BuiltInType>UInt32</BuiltInType>
            <ValueRank>-1</ValueRank>
          </TypeInformation>
        </DataMemberConfiguration>
        <DataMemberConfiguration>
          <SymbolicName>MassTest_04</SymbolicName>
          <ProcessValueName>MassTest_04</ProcessValueName>
          <TypeInformation>
            <BuiltInType>UInt32</BuiltInType>
            <ValueRank>-1</ValueRank>
          </TypeInformation>
        </DataMemberConfiguration>
        <DataMemberConfiguration>
          <SymbolicName>MassTest_05</SymbolicName>
          <ProcessValueName>MassTest_05</ProcessValueName>
          <TypeInformation>
            <BuiltInType>UInt32</BuiltInType>
            <ValueRank>-1</ValueRank>
          </TypeInformation>
        </DataMemberConfiguration>
        <DataMemberConfiguration>
          <SymbolicName>MassTest_06</SymbolicName>
          <ProcessValueName>MassTest_06</ProcessValueName>
          <TypeInformation>
            <BuiltInType>UInt32</BuiltInType>
            <ValueRank>-1</ValueRank>
          </TypeInformation>
        </DataMemberConfiguration>
        <DataMemberConfiguration>
          <SymbolicName>MassTest_07</SymbolicName>
          <ProcessValueName>MassTest_07</ProcessValueName>
          <TypeInformation>
            <BuiltInType>UInt32</BuiltInType>
            <ValueRank>-1</ValueRank>
          </TypeInformation>
        </DataMemberConfiguration>
        <DataMemberConfiguration>
          <SymbolicName>MassTest_08</SymbolicName>
          <ProcessValueName>MassTest_08</ProcessValueName>
          <TypeInformation>
            <BuiltInType>UInt32</BuiltInType>
            <ValueRank>-1</ValueRank>
          </TypeInformation>
        </DataMemberConfiguration>
        <DataMemberConfiguration>
          <SymbolicName>MassTest_09</SymbolicName>
          <ProcessValueName>MassTest_09</ProcessValueName>
          <TypeInformation>
            <BuiltInType>UInt32</BuiltInType>
            <ValueRank>-1</ValueRank>
          </TypeInformation>
        </DataMemberConfiguration>

        <DataMemberConfiguration>
          <SymbolicName>MassTest_10</SymbolicName>
          <ProcessValueName>MassTest_10</ProcessValueName>
          <TypeInformation>
            <BuiltInType>UInt32</BuiltInType>
            <ValueRank>-1</ValueRank>
          </TypeInformation>
        </DataMemberConfiguration>
        <DataMemberConfiguration>
          <SymbolicName>MassTest_11</SymbolicName>
          <ProcessValueName>MassTest_11</ProcessValueName>
          <TypeInformation>
            <BuiltInType>UInt32</BuiltInType>
            <ValueRank>-1</ValueRank>
          </TypeInformation>
        </DataMemberConfiguration>
        <DataMemberConfiguration>
          <SymbolicName>MassTest_12</SymbolicName>
          <ProcessValueName>MassTest_12</ProcessValueName>
          <TypeInformation>
            <BuiltInType>UInt32</BuiltInType>
            <ValueRank>-1</ValueRank>
          </TypeInformation>
        </DataMemberConfiguration>
        <DataMemberConfiguration>
          <SymbolicName>MassTest_13</SymbolicName>
          <ProcessValueName>MassTest_13</ProcessValueName>
          <TypeInformation>
            <BuiltInType>UInt32</BuiltInType>
            <ValueRank>-1</ValueRank>
          </TypeInformation>
        </DataMemberConfiguration>
        <DataMemberConfiguration>
          <SymbolicName>MassTest_14</SymbolicName>
          <ProcessValueName>MassTest_14</ProcessValueName>
          <TypeInformation>
            <BuiltInType>UInt32</BuiltInType>
            <ValueRank>-1</ValueRank>
          </TypeInformation>
        </DataMemberConfiguration>
        <DataMemberConfiguration>
          <SymbolicName>MassTest_15</SymbolicName>
          <ProcessValueName>MassTest_15</ProcessValueName>
          <TypeInformation>
            <BuiltInType>UInt32</BuiltInType>
            <ValueRank>-1</ValueRank>
          </TypeInformation>
        </DataMemberConfiguration>
        <DataMemberConfiguration>
          <SymbolicName>MassTest_16</SymbolicName>
          <ProcessValueName>MassTest_16</ProcessValueName>
          <TypeInformation>
            <BuiltInType>UInt32</BuiltInType>
            <ValueRank>-1</ValueRank>
          </TypeInformation>
        </DataMemberConfiguration>
        <DataMemberConfiguration>
          <SymbolicName>MassTest_17</SymbolicName>
          <ProcessValueName>MassTest_17</ProcessValueName>
          <TypeInformation>
            <BuiltInType>UInt32</BuiltInType>
            <ValueRank>-1</ValueRank>
          </TypeInformation>
        </DataMemberConfiguration>
        <DataMemberConfiguration>
          <SymbolicName>MassTest_18</SymbolicName>
          <ProcessValueName>MassTest_18</ProcessValueName>
          <TypeInformation>
            <BuiltInType>UInt32</BuiltInType>
            <ValueRank>-1</ValueRank>
          </TypeInformation>
        </DataMemberConfiguration>
        <DataMemberConfiguration>
          <SymbolicName>MassTest_19</SymbolicName>
          <ProcessValueName>MassTest_19</ProcessValueName>
          <TypeInformation>
            <BuiltInType>UInt32</BuiltInType>
            <ValueRank>-1</ValueRank>
          </TypeInformation>
        </DataMemberConfiguration>

        <DataMemberConfiguration>
          <SymbolicName>MassTest_20</SymbolicName>
          <ProcessValueName>MassTest_20</ProcessValueName>
          <TypeInformation>
            <BuiltInType>UInt32</BuiltInType>
            <ValueRank>-1</ValueRank>
          </TypeInformation>
        </DataMemberConfiguration>
        <DataMemberConfiguration>
          <SymbolicName>MassTest_21</SymbolicName>
          <ProcessValueName>MassTest_21</ProcessValueName>
          <TypeInformation>
            <BuiltInType>UInt32</BuiltInType>
            <ValueRank>-1</ValueRank>
          </TypeInformation>
        </DataMemberConfiguration>
        <DataMemberConfiguration>
          <SymbolicName>MassTest_22</SymbolicName>
          <ProcessValueName>MassTest_22</ProcessValueName>
          <TypeInformation>
            <BuiltInType>UInt32</BuiltInType>
            <ValueRank>-1</ValueRank>
          </TypeInformation>
        </DataMemberConfiguration>
        <DataMemberConfiguration>
          <SymbolicName>MassTest_23</SymbolicName>
          <ProcessValueName>MassTest_23</ProcessValueName>
          <TypeInformation>
            <BuiltInType>UInt32</BuiltInType>
            <ValueRank>-1</ValueRank>
          </TypeInformation>
        </DataMemberConfiguration>
        <DataMemberConfiguration>
          <SymbolicName>MassTest_24</SymbolicName>
          <ProcessValueName>MassTest_24</ProcessValueName>
          <TypeInformation>
            <BuiltInType>UInt32</BuiltInType>
            <ValueRank>-1</ValueRank>
          </TypeInformation>
        </DataMemberConfiguration>
        <DataMemberConfiguration>
          <SymbolicName>MassTest_25</SymbolicName>
          <ProcessValueName>MassTest_25</ProcessValueName>
          <TypeInformation>
            <BuiltInType>UInt32</BuiltInType>
            <ValueRank>-1</ValueRank>
          </TypeInformation>
        </DataMemberConfiguration>
        <DataMemberConfiguration>
          <SymbolicName>MassTest_26</SymbolicName>
          <ProcessValueName>MassTest_26</ProcessValueName>
          <TypeInformation>
            <BuiltInType>UInt32</BuiltInType>
            <ValueRank>-1</ValueRank>
          </TypeInformation>
        </DataMemberConfiguration>
        <DataMemberConfiguration>
          <SymbolicName>MassTest_27</SymbolicName>
          <ProcessValueName>MassTest_27</ProcessValueName>
          <TypeInformation>
            <BuiltInType>UInt32</BuiltInType>
            <ValueRank>-1</ValueRank>
          </TypeInformation>
        </DataMemberConfiguration>
        <DataMemberConfiguration>
          <SymbolicName>MassTest_28</SymbolicName>
          <ProcessValueName>MassTest_28</ProcessValueName>
          <TypeInformation>
            <BuiltInType>UInt32</BuiltInType>
            <ValueRank>-1</ValueRank>
          </TypeInformation>
        </DataMemberConfiguration>
        <DataMemberConfiguration>
          <SymbolicName>MassTest_29</SymbolicName>
          <ProcessValueName>MassTest_29</ProcessValueName>
          <TypeInformation>
            <BuiltInType>UInt32</BuiltInType>
            <ValueRank>-1</ValueRank>
          </TypeInformation>
        </DataMemberConfiguration>

        <DataMemberConfiguration>
          <SymbolicName>MassTest_30</SymbolicName>
          <ProcessValueName>MassTest_30</ProcessValueName>
          <TypeInformation>
            <BuiltInType>UInt32</BuiltInType>
            <ValueRank>-1</ValueRank>
          </TypeInformation>
        </DataMemberConfiguration>
        <DataMemberConfiguration>
          <SymbolicName>MassTest_31</SymbolicName>
          <ProcessValueName>MassTest_31</ProcessValueName>
          <TypeInformation>
            <BuiltInType>UInt32</BuiltInType>
            <ValueRank>-1</ValueRank>
          </TypeInformation>
        </DataMemberConfiguration>
        <DataMemberConfiguration>
          <SymbolicName>MassTest_32</SymbolicName>
          <ProcessValueName>MassTest_32</ProcessValueName>
          <TypeInformation>
            <BuiltInType>UInt32</BuiltInType>
            <ValueRank>-1</ValueRank>
          </TypeInformation>
        </DataMemberConfiguration>
        <DataMemberConfiguration>
          <SymbolicName>MassTest_33</SymbolicName>
          <ProcessValueName>MassTest_33</ProcessValueName>
          <TypeInformation>
            <BuiltInType>UInt32</BuiltInType>
            <ValueRank>-1</ValueRank>
          </TypeInformation>
        </DataMemberConfiguration>
        <DataMemberConfiguration>
          <SymbolicName>MassTest_34</SymbolicName>
          <ProcessValueName>MassTest_34</ProcessValueName>
          <TypeInformation>
            <BuiltInType>UInt32</BuiltInType>
            <ValueRank>-1</ValueRank>
          </TypeInformation>
        </DataMemberConfiguration>
        <DataMemberConfiguration>
          <SymbolicName>MassTest_35</SymbolicName>
          <ProcessValueName>MassTest_35</ProcessValueName>
          <TypeInformation>
            <BuiltInType>UInt32</BuiltInType>
            <ValueRank>-1</ValueRank>
          </TypeInformation>
        </DataMemberConfiguration>
        <DataMemberConfiguration>
          <SymbolicName>MassTest_36</SymbolicName>
          <ProcessValueName>MassTest_36</ProcessValueName>
          <TypeInformation>
            <BuiltInType>UInt32</BuiltInType>
            <ValueRank>-1</ValueRank>
          </TypeInformation>
        </DataMemberConfiguration>
        <DataMemberConfiguration>
          <SymbolicName>MassTest_37</SymbolicName>
          <ProcessValueName>MassTest_37</ProcessValueName>
          <TypeInformation>
            <BuiltInType>UInt32</BuiltInType>
            <ValueRank>-1</ValueRank>
          </TypeInformation>
        </DataMemberConfiguration>
        <DataMemberConfiguration>
          <SymbolicName>MassTest_38</SymbolicName>
          <ProcessValueName>MassTest_38</ProcessValueName>
          <TypeInformation>
            <BuiltInType>UInt32</BuiltInType>
            <ValueRank>-1</ValueRank>
          </TypeInformation>
        </DataMemberConfiguration>
        <DataMemberConfiguration>
          <SymbolicName>MassTest_39</SymbolicName>
          <ProcessValueName>MassTest_39</ProcessValueName>
          <TypeInformation>
            <BuiltInType>UInt32</BuiltInType>
            <ValueRank>-1</ValueRank>
          </TypeInformation>
        </DataMemberConfiguration>

        <DataMemberConfiguration>
          <SymbolicName>MassTest_40</SymbolicName>
          <ProcessValueName>MassTest_40</ProcessValueName>
          <TypeInformation>
            <BuiltInType>UInt32</BuiltInType>
            <ValueRank>-1</ValueRank>
          </TypeInformation>
        </DataMemberConfiguration>
        <DataMemberConfiguration>
          <SymbolicName>MassTest_41</SymbolicName>
          <ProcessValueName>MassTest_41</ProcessValueName>
          <TypeInformation>
            <BuiltInType>UInt32</BuiltInType>
            <ValueRank>-1</ValueRank>
          </TypeInformation>
        </DataMemberConfiguration>
        <DataMemberConfiguration>
          <SymbolicName>MassTest_42</SymbolicName>
          <ProcessValueName>MassTest_42</ProcessValueName>
          <TypeInformation>
            <BuiltInType>UInt32</BuiltInType>
            <ValueRank>-1</ValueRank>
          </TypeInformation>
        </DataMemberConfiguration>
        <DataMemberConfiguration>
          <SymbolicName>MassTest_43</SymbolicName>
          <ProcessValueName>MassTest_43</ProcessValueName>
          <TypeInformation>
            <BuiltInType>UInt32</BuiltInType>
            <ValueRank>-1</ValueRank>
          </TypeInformation>
        </DataMemberConfiguration>
        <DataMemberConfiguration>
          <SymbolicName>MassTest_44</SymbolicName>
          <ProcessValueName>MassTest_44</ProcessValueName>
          <TypeInformation>
            <BuiltInType>UInt32</BuiltInType>
            <ValueRank>-1</ValueRank>
          </TypeInformation>
        </DataMemberConfiguration>
        <DataMemberConfiguration>
          <SymbolicName>MassTest_45</SymbolicName>
          <ProcessValueName>MassTest_45</ProcessValueName>
          <TypeInformation>
            <BuiltInType>UInt32</BuiltInType>
            <ValueRank>-1</ValueRank>
          </TypeInformation>
        </DataMemberConfiguration>
        <DataMemberConfiguration>
          <SymbolicName>MassTest_46</SymbolicName>
          <ProcessValueName>MassTest_46</ProcessValueName>
          <TypeInformation>
            <BuiltInType>UInt32</BuiltInType>
            <ValueRank>-1</ValueRank>
          </TypeInformation>
        </DataMemberConfiguration>
        <DataMemberConfiguration>
          <SymbolicName>MassTest_47</SymbolicName>
          <ProcessValueName>MassTest_47</ProcessValueName>
          <TypeInformation>
            <BuiltInType>UInt32</BuiltInType>
            <ValueRank>-1</ValueRank>
          </TypeInformation>
        </DataMemberConfiguration>
        <DataMemberConfiguration>
          <SymbolicName>MassTest_48</SymbolicName>
          <ProcessValueName>MassTest_48</ProcessValueName>
          <TypeInformation>
            <BuiltInType>UInt32</BuiltInType>
            <ValueRank>-1</ValueRank>
          </TypeInformation>
        </DataMemberConfiguration>
        <DataMemberConfiguration>
          <SymbolicName>MassTest_49</SymbolicName>
          <ProcessValueName>MassTest_49</ProcessValueName>
          <TypeInformation>
            <BuiltInType>UInt32</BuiltInType>
            <ValueRank>-1</ValueRank>
          </TypeInformation>
        </DataMemberConfiguration>

        <DataMemberConfiguration>
          <SymbolicName>MassTest_50</SymbolicName>
          <ProcessValueName>MassTest_50</ProcessValueName>
          <TypeInformation>
            <BuiltInType>UInt32</BuiltInType>
            <ValueRank>-1</ValueRank>
          </TypeInformation>
        </DataMemberConfiguration>
        <DataMemberConfiguration>
          <SymbolicName>MassTest_51</SymbolicName>
          <ProcessValueName>MassTest_51</ProcessValueName>
          <TypeInformation>
            <BuiltInType>UInt32</BuiltInType>
            <ValueRank>-1</ValueRank>
          </TypeInformation>
        </DataMemberConfiguration>
        <DataMemberConfiguration>
          <SymbolicName>MassTest_52</SymbolicName>
          <ProcessValueName>MassTest_52</ProcessValueName>
          <TypeInformation>
            <BuiltInType>UInt32</BuiltInType>
            <ValueRank>-1</ValueRank>
          </TypeInformation>
        </DataMemberConfiguration>
        <DataMemberConfiguration>
          <SymbolicName>MassTest_53</SymbolicName>
          <ProcessValueName>MassTest_53</ProcessValueName>
          <TypeInformation>
            <BuiltInType>UInt32</BuiltInType>
            <ValueRank>-1</ValueRank>
          </TypeInformation>
        </DataMemberConfiguration>
        <DataMemberConfiguration>
          <SymbolicName>MassTest_54</SymbolicName>
          <ProcessValueName>MassTest_54</ProcessValueName>
          <TypeInformation>
            <BuiltInType>UInt32</BuiltInType>
            <ValueRank>-1</ValueRank>
          </TypeInformation>
        </DataMemberConfiguration>
        <DataMemberConfiguration>
          <SymbolicName>MassTest_55</SymbolicName>
          <ProcessValueName>MassTest_55</ProcessValueName>
          <TypeInformation>
            <BuiltInType>UInt32</BuiltInType>
            <ValueRank>-1</ValueRank>
          </TypeInformation>
        </DataMemberConfiguration>
        <DataMemberConfiguration>
          <SymbolicName>MassTest_56</SymbolicName>
          <ProcessValueName>MassTest_56</ProcessValueName>
          <TypeInformation>
            <BuiltInType>UInt32</BuiltInType>
            <ValueRank>-1</ValueRank>
          </TypeInformation>
        </DataMemberConfiguration>
        <DataMemberConfiguration>
          <SymbolicName>MassTest_57</SymbolicName>
          <ProcessValueName>MassTest_57</ProcessValueName>
          <TypeInformation>
            <BuiltInType>UInt32</BuiltInType>
            <ValueRank>-1</ValueRank>
          </TypeInformation>
        </DataMemberConfiguration>
        <DataMemberConfiguration>
          <SymbolicName>MassTest_58</SymbolicName>
          <ProcessValueName>MassTest_58</ProcessValueName>
          <TypeInformation>
            <BuiltInType>UInt32</BuiltInType>
            <ValueRank>-1</ValueRank>
          </TypeInformation>
        </DataMemberConfiguration>
        <DataMemberConfiguration>
          <SymbolicName>MassTest_59</SymbolicName>
          <ProcessValueName>MassTest_59</ProcessValueName>
          <TypeInformation>
            <BuiltInType>UInt32</BuiltInType>
            <ValueRank>-1</ValueRank>
          </TypeInformation>
        </DataMemberConfiguration>

        <DataMemberConfiguration>
          <SymbolicName>MassTest_60</SymbolicName>
          <ProcessValueName>MassTest_60</ProcessValueName>
          <TypeInformation>
            <BuiltInType>UInt32</BuiltInType>
            <ValueRank>-1</ValueRank>
          </TypeInformation>
        </DataMemberConfiguration>
        <DataMemberConfiguration>
          <SymbolicName>MassTest_61</SymbolicName>
          <ProcessValueName>MassTest_61</ProcessValueName>
          <TypeInformation>
            <BuiltInType>UInt32</BuiltInType>
            <ValueRank>-1</ValueRank>
          </TypeInformation>
        </DataMemberConfiguration>
        <DataMemberConfiguration>
          <SymbolicName>MassTest_62</SymbolicName>
          <ProcessValueName>MassTest_62</ProcessValueName>
          <TypeInformation>
            <BuiltInType>UInt32</BuiltInType>
            <ValueRank>-1</ValueRank>
          </TypeInformation>
        </DataMemberConfiguration>
        <DataMemberConfiguration>
          <SymbolicName>MassTest_63</SymbolicName>
          <ProcessValueName>MassTest_63</ProcessValueName>
          <TypeInformation>
            <BuiltInType>UInt32</BuiltInType>
            <ValueRank>-1</ValueRank>
          </TypeInformation>
        </DataMemberConfiguration>
        <DataMemberConfiguration>
          <SymbolicName>MassTest_64</SymbolicName>
          <ProcessValueName>MassTest_64</ProcessValueName>
          <TypeInformation>
            <BuiltInType>UInt32</BuiltInType>
            <ValueRank>-1</ValueRank>
          </TypeInformation>
        </DataMemberConfiguration>
        <DataMemberConfiguration>
          <SymbolicName>MassTest_65</SymbolicName>
          <ProcessValueName>MassTest_65</ProcessValueName>
          <TypeInformation>
            <BuiltInType>UInt32</BuiltInType>
            <ValueRank>-1</ValueRank>
          </TypeInformation>
        </DataMemberConfiguration>
        <DataMemberConfiguration>
          <SymbolicName>MassTest_66</SymbolicName>
          <ProcessValueName>MassTest_66</ProcessValueName>
          <TypeInformation>
            <BuiltInType>UInt32</BuiltInType>
            <ValueRank>-1</ValueRank>
          </TypeInformation>
        </DataMemberConfiguration>
        <DataMemberConfiguration>
          <SymbolicName>MassTest_67</SymbolicName>
          <ProcessValueName>MassTest_67</ProcessValueName>
          <TypeInformation>
            <BuiltInType>UInt32</BuiltInType>
            <ValueRank>-1</ValueRank>
          </TypeInformation>
        </DataMemberConfiguration>
        <DataMemberConfiguration>
          <SymbolicName>MassTest_68</SymbolicName>
          <ProcessValueName>MassTest_68</ProcessValueName>
          <TypeInformation>
            <BuiltInType>UInt32</BuiltInType>
            <ValueRank>-1</ValueRank>
          </TypeInformation>
        </DataMemberConfiguration>
        <DataMemberConfiguration>
          <SymbolicName>MassTest_69</SymbolicName>
          <ProcessValueName>MassTest_69</ProcessValueName>
          <TypeInformation>
            <BuiltInType>UInt32</BuiltInType>
            <ValueRank>-1</ValueRank>
          </TypeInformation>
        </DataMemberConfiguration>

        <DataMemberConfiguration>
          <SymbolicName>MassTest_70</SymbolicName>
          <ProcessValueName>MassTest_70</ProcessValueName>
          <TypeInformation>
            <BuiltInType>UInt32</BuiltInType>
            <ValueRank>-1</ValueRank>
          </TypeInformation>
        </DataMemberConfiguration>
        <DataMemberConfiguration>
          <SymbolicName>MassTest_71</SymbolicName>
          <ProcessValueName>MassTest_71</ProcessValueName>
          <TypeInformation>
            <BuiltInType>UInt32</BuiltInType>
            <ValueRank>-1</ValueRank>
          </TypeInformation>
        </DataMemberConfiguration>
        <DataMemberConfiguration>
          <SymbolicName>MassTest_72</SymbolicName>
          <ProcessValueName>MassTest_72</ProcessValueName>
          <TypeInformation>
            <BuiltInType>UInt32</BuiltInType>
            <ValueRank>-1</ValueRank>
          </TypeInformation>
        </DataMemberConfiguration>
        <DataMemberConfiguration>
          <SymbolicName>MassTest_73</SymbolicName>
          <ProcessValueName>MassTest_73</ProcessValueName>
          <TypeInformation>
            <BuiltInType>UInt32</BuiltInType>
            <ValueRank>-1</ValueRank>
          </TypeInformation>
        </DataMemberConfiguration>
        <DataMemberConfiguration>
          <SymbolicName>MassTest_74</SymbolicName>
          <ProcessValueName>MassTest_74</ProcessValueName>
          <TypeInformation>
            <BuiltInType>UInt32</BuiltInType>
            <ValueRank>-1</ValueRank>
          </TypeInformation>
        </DataMemberConfiguration>
        <DataMemberConfiguration>
          <SymbolicName>MassTest_75</SymbolicName>
          <ProcessValueName>MassTest_75</ProcessValueName>
          <TypeInformation>
            <BuiltInType>UInt32</BuiltInType>
            <ValueRank>-1</ValueRank>
          </TypeInformation>
        </DataMemberConfiguration>
        <DataMemberConfiguration>
          <SymbolicName>MassTest_76</SymbolicName>
          <ProcessValueName>MassTest_76</ProcessValueName>
          <TypeInformation>
            <BuiltInType>UInt32</BuiltInType>
            <ValueRank>-1</ValueRank>
          </TypeInformation>
        </DataMemberConfiguration>
        <DataMemberConfiguration>
          <SymbolicName>MassTest_77</SymbolicName>
          <ProcessValueName>MassTest_77</ProcessValueName>
          <TypeInformation>
            <BuiltInType>UInt32</BuiltInType>
            <ValueRank>-1</ValueRank>
          </TypeInformation>
        </DataMemberConfiguration>
        <DataMemberConfiguration>
          <SymbolicName>MassTest_78</SymbolicName>
          <ProcessValueName>MassTest_78</ProcessValueName>
          <TypeInformation>
            <BuiltInType>UInt32</BuiltInType>
            <ValueRank>-1</ValueRank>
          </TypeInformation>
        </DataMemberConfiguration>
        <DataMemberConfiguration>
          <SymbolicName>MassTest_79</SymbolicName>
          <ProcessValueName>MassTest_79</ProcessValueName>
          <TypeInformation>
            <BuiltInType>UInt32</BuiltInType>
            <ValueRank>-1</ValueRank>
          </TypeInformation>
        </DataMemberConfiguration>

        <DataMemberConfiguration>
          <SymbolicName>MassTest_80</SymbolicName>
          <ProcessValueName>MassTest_80</ProcessValueName>
          <TypeInformation>
            <BuiltInType>UInt32</BuiltInType>
            <ValueRank>-1</ValueRank>
          </TypeInformation>
        </DataMemberConfiguration>
        <DataMemberConfiguration>
          <SymbolicName>MassTest_81</SymbolicName>
          <ProcessValueName>MassTest_81</ProcessValueName>
          <TypeInformation>
            <BuiltInType>UInt32</BuiltInType>
            <ValueRank>-1</ValueRank>
          </TypeInformation>
        </DataMemberConfiguration>
        <DataMemberConfiguration>
          <SymbolicName>MassTest_82</SymbolicName>
          <ProcessValueName>MassTest_82</ProcessValueName>
          <TypeInformation>
            <BuiltInType>UInt32</BuiltInType>
            <ValueRank>-1</ValueRank>
          </TypeInformation>
        </DataMemberConfiguration>
        <DataMemberConfiguration>
          <SymbolicName>MassTest_83</SymbolicName>
          <ProcessValueName>MassTest_83</ProcessValueName>
          <TypeInformation>
            <BuiltInType>UInt32</BuiltInType>
            <ValueRank>-1</ValueRank>
          </TypeInformation>
        </DataMemberConfiguration>
        <DataMemberConfiguration>
          <SymbolicName>MassTest_84</SymbolicName>
          <ProcessValueName>MassTest_84</ProcessValueName>
          <TypeInformation>
            <BuiltInType>UInt32</BuiltInType>
            <ValueRank>-1</ValueRank>
          </TypeInformation>
        </DataMemberConfiguration>
        <DataMemberConfiguration>
          <SymbolicName>MassTest_85</SymbolicName>
          <ProcessValueName>MassTest_85</ProcessValueName>
          <TypeInformation>
            <BuiltInType>UInt32</BuiltInType>
            <ValueRank>-1</ValueRank>
          </TypeInformation>
        </DataMemberConfiguration>
        <DataMemberConfiguration>
          <SymbolicName>MassTest_86</SymbolicName>
          <ProcessValueName>MassTest_86</ProcessValueName>
          <TypeInformation>
            <BuiltInType>UInt32</BuiltInType>
            <ValueRank>-1</ValueRank>
          </TypeInformation>
        </DataMemberConfiguration>
        <DataMemberConfiguration>
          <SymbolicName>MassTest_87</SymbolicName>
          <ProcessValueName>MassTest_87</ProcessValueName>
          <TypeInformation>
            <BuiltInType>UInt32</BuiltInType>
            <ValueRank>-1</ValueRank>
          </TypeInformation>
        </DataMemberConfiguration>
        <DataMemberConfiguration>
          <SymbolicName>MassTest_88</SymbolicName>
          <ProcessValueName>MassTest_88</ProcessValueName>
          <TypeInformation>
            <BuiltInType>UInt32</BuiltInType>
            <ValueRank>-1</ValueRank>
          </TypeInformation>
        </DataMemberConfiguration>
        <DataMemberConfiguration>
          <SymbolicName>MassTest_89</SymbolicName>
          <ProcessValueName>MassTest_89</ProcessValueName>
          <TypeInformation>
            <BuiltInType>UInt32</BuiltInType>
            <ValueRank>-1</ValueRank>
          </TypeInformation>
        </DataMemberConfiguration>

        <DataMemberConfiguration>
          <SymbolicName>MassTest_90</SymbolicName>
          <ProcessValueName>MassTest_90</ProcessValueName>
          <TypeInformation>
            <BuiltInType>UInt32</BuiltInType>
            <ValueRank>-1</ValueRank>
          </TypeInformation>
        </DataMemberConfiguration>
        <DataMemberConfiguration>
          <SymbolicName>MassTest_91</SymbolicName>
          <ProcessValueName>MassTest_91</ProcessValueName>
          <TypeInformation>
            <BuiltInType>UInt32</BuiltInType>
            <ValueRank>-1</ValueRank>
          </TypeInformation>
        </DataMemberConfiguration>
        <DataMemberConfiguration>
          <SymbolicName>MassTest_92</SymbolicName>
          <ProcessValueName>MassTest_92</ProcessValueName>
          <TypeInformation>
            <BuiltInType>UInt32</BuiltInType>
            <ValueRank>-1</ValueRank>
          </TypeInformation>
        </DataMemberConfiguration>
        <DataMemberConfiguration>
          <SymbolicName>MassTest_93</SymbolicName>
          <ProcessValueName>MassTest_93</ProcessValueName>
          <TypeInformation>
            <BuiltInType>UInt32</BuiltInType>
            <ValueRank>-1</ValueRank>
          </TypeInformation>
        </DataMemberConfiguration>
        <DataMemberConfiguration>
          <SymbolicName>MassTest_94</SymbolicName>
          <ProcessValueName>MassTest_94</ProcessValueName>
          <TypeInformation>
            <BuiltInType>UInt32</BuiltInType>
            <ValueRank>-1</ValueRank>
          </TypeInformation>
        </DataMemberConfiguration>
        <DataMemberConfiguration>
          <SymbolicName>MassTest_95</SymbolicName>
          <ProcessValueName>MassTest_95</ProcessValueName>
          <TypeInformation>
            <BuiltInType>UInt32</BuiltInType>
            <ValueRank>-1</ValueRank>
          </TypeInformation>
        </DataMemberConfiguration>
        <DataMemberConfiguration>
          <SymbolicName>MassTest_96</SymbolicName>
          <ProcessValueName>MassTest_96</ProcessValueName>
          <TypeInformation>
            <BuiltInType>UInt32</BuiltInType>
            <ValueRank>-1</ValueRank>
          </TypeInformation>
        </DataMemberConfiguration>
        <DataMemberConfiguration>
          <SymbolicName>MassTest_97</SymbolicName>
          <ProcessValueName>MassTest_97</ProcessValueName>
          <TypeInformation>
            <BuiltInType>UInt32</BuiltInType>
            <ValueRank>-1</ValueRank>
          </TypeInformation>
        </DataMemberConfiguration>
        <DataMemberConfiguration>
          <SymbolicName>MassTest_98</SymbolicName>
          <ProcessValueName>MassTest_98</ProcessValueName>
          <TypeInformation>
            <BuiltInType>UInt32</BuiltInType>
            <ValueRank>-1</ValueRank>
          </TypeInformation>
        </DataMemberConfiguration>
        <DataMemberConfiguration>
          <SymbolicName>MassTest_99</SymbolicName>
          <ProcessValueName>MassTest_99</ProcessValueName>
          <TypeInformation>
            <BuiltInType>UInt32</BuiltInType>
            <ValueRank>-1</ValueRank>
          </TypeInformation>
        </DataMemberConfiguration>

      </DataSet>
      <Guid>c1f53ffb-6552-4ccc-84c9-f847147cdc85</Guid>
      <Root>
        <q:NodeIdentifier xmlns:d5p1="NodeDescriptorNS" xmlns:q="http://commsvr.com/UAOOI/SemanticData/UANetworking/Configuration/Serialization.xsd">d5p1:NodeDescriptor</q:NodeIdentifier>
      </Root>
      <PublishingInterval>1000</PublishingInterval>
      <MaxBufferTime>100</MaxBufferTime>
      <ConfigurationGuid>C67E4D73-F46E-499C-991F-F86D0E1BEB00</ConfigurationGuid>
      <ConfigurationVersion>
        <MajorVersion>1</MajorVersion>
        <MinorVersion>0</MinorVersion>
      </ConfigurationVersion>
    </DataSetConfiguration>
  </DataSets>
  <MessageHandlers>
    <MessageHandlerConfiguration i:type="MessageWriterConfiguration">
      <Name>UDP</Name>
      <Configuration>
        <ChannelConfiguration>4840,localhost</ChannelConfiguration>
      </Configuration>
      <TransportRole>Producer</TransportRole>
      <ProducerAssociationConfigurations>
        <ProducerAssociationConfiguration>
          <AssociationName>Simple</AssociationName>
          <DataSetWriterId>1</DataSetWriterId>
          <PublisherId>d80d81dd-96e6-4560-850e-154f9181307c</PublisherId>
          <FieldEncoding>VariantFieldEncoding</FieldEncoding>
        </ProducerAssociationConfiguration>
        <ProducerAssociationConfiguration>
          <AssociationName>AllTypes</AssociationName>
          <DataSetWriterId>2</DataSetWriterId>
          <PublisherId>d80d81dd-96e6-4560-850e-154f9181307c</PublisherId>
          <FieldEncoding>VariantFieldEncoding</FieldEncoding>
        </ProducerAssociationConfiguration>
        <ProducerAssociationConfiguration>
          <AssociationName>MassTest</AssociationName>
          <DataSetWriterId>3</DataSetWriterId>
          <PublisherId>d80d81dd-96e6-4560-850e-154f9181307c</PublisherId>
          <FieldEncoding>VariantFieldEncoding</FieldEncoding>
        </ProducerAssociationConfiguration>
      </ProducerAssociationConfigurations>
    </MessageHandlerConfiguration>
  </MessageHandlers>
</ConfigurationData>