<?xml version="1.0"?>
<doc>
    <assembly>
        <name>UAOOI.Common.Infrastructure</name>
    </assembly>
    <members>
        <member name="T:UAOOI.Common.Infrastructure.Diagnostic.ITraceSource">
            <summary>
            Interface ITraceSource - defines trace source.
            </summary>
        </member>
        <member name="M:UAOOI.Common.Infrastructure.Diagnostic.ITraceSource.TraceData(System.Diagnostics.TraceEventType,System.Int32,System.Object)">
            <summary>
            Writes trace data to the trace listeners in the <see cref="P:System.Diagnostics.TraceSource.Listeners"/> collection using the specified <paramref name="eventType"/>, 
            event identifier <paramref name="id"/>, and trace <paramref name="data"/>.
            </summary>
            <param name="eventType">One of the enumeration values that specifies the event type of the trace data.</param>
            <param name="id">A numeric identifier for the event.</param>
            <param name="data">The trace data.</param>
            <exception cref="T:System.ObjectDisposedException">
            An attempt was made to trace an event during finalization.
            </exception>
        </member>
        <member name="T:UAOOI.Common.Infrastructure.Diagnostic.TraceSourceBase">
            <summary>
            Class TraceSourceBase - default implementation of the <see cref="T:UAOOI.Common.Infrastructure.Diagnostic.ITraceSource"/>
            </summary>
        </member>
        <member name="M:UAOOI.Common.Infrastructure.Diagnostic.TraceSourceBase.TraceData(System.Diagnostics.TraceEventType,System.Int32,System.Object)">
            <summary>
            Writes trace data to the trace listeners in the <see cref="P:System.Diagnostics.TraceSource.Listeners" /> collection using the specified <paramref name="eventType" />,
            event identifier <paramref name="id" />, and trace <paramref name="data" />.
            </summary>
            <param name="eventType">One of the enumeration values that specifies the event type of the trace data.</param>
            <param name="id">A numeric identifier for the event.</param>
            <param name="data">The trace data.</param>
        </member>
        <member name="P:UAOOI.Common.Infrastructure.Diagnostic.TraceSourceBase.TraceSource">
            <summary>
            Gets the trace source instance.
            </summary>
            <value>The trace source instance of type <see cref="P:UAOOI.Common.Infrastructure.Diagnostic.TraceSourceBase.TraceSource"/>.</value>
        </member>
    </members>
</doc>
